{
  "version": 1,
  "author": "Anonymous maker",
  "editor": "wokwi",
  "parts": [
    { "type": "wokwi-breadboard", "id": "bb1", "top": 35.4, "left": -112.4, "attrs": {} },
    {
      "type": "board-esp32-devkit-c-v4",
      "id": "esp",
      "top": 200.46,
      "left": -31.9,
      "rotate": 270,
      "attrs": {}
    },
    {
      "type": "wokwi-led",
      "id": "led1",
      "top": 111.6,
      "left": -34.6,
      "attrs": { "color": "red" }
    },
    { "type": "wokwi-led", "id": "led3", "top": 111.6, "left": -5.8, "attrs": { "color": "red" } },
    { "type": "wokwi-led", "id": "led4", "top": 111.6, "left": 13.4, "attrs": { "color": "red" } }
  ],
  "connections": [
    [ "esp:TX", "$serialMonitor:RX", "", [] ],
    [ "esp:RX", "$serialMonitor:TX", "", [] ],
    [ "esp:GND.2", "bb1:bn.1", "black", [ "v-48", "h-8.8" ] ],
    [ "bb1:bn.3", "bb1:5b.j", "green", [ "v0" ] ],
    [ "led4:A", "bb1:14b.f", "", [ "$bb" ] ],
    [ "led4:C", "bb1:13b.f", "", [ "$bb" ] ],
    [ "led3:A", "bb1:12b.f", "", [ "$bb" ] ],
    [ "led3:C", "bb1:11b.f", "", [ "$bb" ] ],
    [ "led1:A", "bb1:9b.f", "", [ "$bb" ] ],
    [ "led1:C", "bb1:8b.f", "", [ "$bb" ] ],
    [ "bb1:8b.j", "bb1:bn.5", "green", [ "v0" ] ],
    [ "bb1:9b.j", "esp:21", "green", [ "v76.8", "h0", "v67.2" ] ],
    [ "bb1:bn.8", "bb1:11b.j", "green", [ "v0" ] ],
    [ "bb1:12b.j", "esp:18", "green", [ "v0" ] ],
    [ "bb1:13b.j", "bb1:bn.10", "green", [ "v0" ] ],
    [ "bb1:14b.j", "esp:17", "green", [ "v0" ] ]
  ],
  "dependencies": {}
}