{
  "version": 1,
  "author": "Anonymous maker",
  "editor": "wokwi",
  "parts": [
    {
      "type": "board-esp32-devkit-c-v4",
      "id": "esp",
      "top": 66.06,
      "left": -3.1,
      "rotate": 270,
      "attrs": {}
    },
    {
      "type": "wokwi-led",
      "id": "led1",
      "top": -13.2,
      "left": -92.2,
      "attrs": { "color": "red" }
    },
    {
      "type": "wokwi-pushbutton",
      "id": "btn1",
      "top": -10.2,
      "left": 60.6,
      "rotate": 90,
      "attrs": { "color": "blue" }
    }
  ],
  "connections": [
    [ "esp:TX", "$serialMonitor:RX", "", [] ],
    [ "esp:RX", "$serialMonitor:TX", "", [] ],
    [ "led1:C", "esp:GND.2", "green", [ "v67.2", "h48.4" ] ],
    [ "led1:A", "esp:21", "green", [ "h19.2", "v48", "h67.2" ] ],
    [ "btn1:1.r", "esp:0", "green", [ "v57.8", "h48" ] ],
    [ "btn1:2.r", "esp:GND.3", "green", [ "v48.2", "h-57.8" ] ]
  ],
  "dependencies": {}
}